c_square,year,quarter,vessel_length,fishing_tech,gear_type,target_assemblage,mesh_size_range,metier,supra_region,sub_region,eez_indicator,geo_indicator,specon_tech,deep,species,rectangle_type,latitude,longitude,totwghtlandg,totvallandg,confidential,id,metier_7,valid,gear_typeN
,2023,1,VL1218,NO,NK,NK,NK,NK,MBS,GSA20,,NGI,NK,,OTH,05*05,38.25,21.25,0.301,753,N,116454,NK,Y,NK
,2023,1,VL1218,NO,NK,NK,NK,NK,MBS,GSA20,,NGI,NK,,OTH,05*05,38.25,20.75,0.3,750,N,116455,NK,Y,NK
,2023,1,VL1218,NO,NK,NK,NK,NK,MBS,GSA20,,NGI,NK,,OTH,05*05,38.25,22.25,0.387,968,N,116456,NK,Y,NK
,2023,1,VL1218,NO,NK,NK,NK,NK,MBS,GSA20,,NGI,NK,,OTH,05*05,38.25,21.75,0.673,1683,N,116457,NK,Y,NK
,2023,1,VL1218,NO,NK,NK,NK,NK,MBS,GSA20,,NGI,NK,,OTH,05*05,38.25,22.75,0.448,1120,N,116458,NK,Y,NK
,2023,1,VL1218,NO,NK,NK,NK,NK,MBS,GSA20,,NGI,NK,,OTH,05*05,38.25,23.25,0.7,1750,N,116459,NK,Y,NK
,2023,1,VL1218,NO,NK,NK,NK,NK,MBS,GSA20,,NGI,NK,,OTH,05*05,38.75,20.75,2.128,5320,N,116460,NK,Y,NK
,2023,1,VL1218,NO,NK,NK,NK,NK,MBS,GSA20,,NGI,NK,,OTH,05*05,36.75,22.25,0.001,3,N,116461,NK,Y,NK
,2023,2,VL1218,NO,NK,NK,NK,NK,MBS,GSA20,,NGI,NK,,OTH,05*05,38.75,20.75,0.08,200,N,116462,NK,Y,NK
,2023,2,VL1218,NO,NK,NK,NK,NK,MBS,GSA20,,NGI,NK,,OTH,05*05,38.25,21.75,0.538,1345,N,116463,NK,Y,NK
,2023,1,VL1218,NO,NK,NK,NK,NK,MBS,GSA22,,NGI,NK,,OTH,05*05,36.75,26.25,1.468,3670,N,116464,NK,Y,NK
,2023,1,VL1218,NO,NK,NK,NK,NK,MBS,GSA22,,NGI,NK,,OTH,05*05,37.25,25.25,0.06,150,N,116465,NK,Y,NK
,2023,2,VL1218,NO,NK,NK,NK,NK,MBS,GSA22,,NGI,NK,,OTH,05*05,36.75,26.25,0.49,1225,N,116466,NK,Y,NK
,2023,4,VL1218,NO,NK,NK,NK,NK,MBS,GSA22,,NGI,NK,,OTH,05*05,36.75,26.25,0.06,150,N,116467,NK,Y,NK
,2023,4,VL1218,NO,NK,NK,NK,NK,MBS,GSA22,,NGI,NK,,OTH,05*05,36.75,25.25,0.06,150,N,116468,NK,Y,NK
,2023,4,VL1218,NO,NK,NK,NK,NK,MBS,GSA22,,NGI,NK,,OTH,05*05,37.25,25.25,1.773,4433,N,116469,NK,Y,NK
,2023,4,VL1218,NO,NK,NK,NK,NK,MBS,GSA22,,NGI,NK,,OTH,05*05,36.75,26.75,0.035,88,N,116470,NK,Y,NK
