country,year,quarter,gear_typeN,specon_tech,sub_region,rectangle_type,c_square,latitude,longitude,confidential,valid,totfishdays
ITA,2014,1,TRAWLNONE,,GSA12,,1300:580:3,,,N,N,1
ITA,2013,1,TRAWLNONE,,GSA12,,1300:590:1,,,N,N,1
ITA,2013,3,TRAWLNONE,,GSA12,,1300:590:1,,,N,N,1
ITA,2013,4,TRAWLNONE,,GSA12,,1300:590:1,,,N,N,1
ITA,2014,2,TRAWLNONE,,GSA12,,1300:590:1,,,N,N,2
ITA,2015,2,TRAWLNONE,,GSA12,,1300:590:1,,,N,N,4
ITA,2015,3,TRAWLNONE,,GSA12,,1300:590:1,,,N,N,1
ITA,2018,3,TRAWLNONE,,GSA12,,1300:590:1,,,N,N,1
ITA,2019,2,TRAWLNONE,,GSA12,,1300:590:1,,,N,N,1
ITA,2021,3,TRAWLNONE,,GSA12,,1300:590:1,,,N,N,1
ITA,2013,3,HOOKS,,GSA11.2,,1300:600:1,,,N,N,1
ITA,2013,3,HOOKS,,GSA11.2,,1300:600:3,,,N,N,1
ITA,2015,3,HOOKS,,GSA11.2,,1300:600:3,,,N,N,1
ITA,2015,3,sNETS,,GSA11.2,,1300:600:3,,,N,N,1
ITA,2017,4,sNETS,,GSA11.1,,1300:706:2,,,N,N,1
ITA,2015,3,HOOKS,,GSA11.1,,1300:707:2,,,N,N,1
ITA,2018,3,HOOKS,,GSA11.1,,1300:707:2,,,N,N,1
ITA,2020,2,sNETS,,GSA11.1,,1300:707:2,,,N,N,1
ITA,2013,1,TRAWLNONE,,GSA11.2,,1300:708:1,,,N,N,1
ITA,2013,3,TRAWLNONE,,GSA11.2,,1300:708:1,,,N,N,1
ITA,2014,2,TRAWLNONE,,GSA11.2,,1300:708:1,,,N,N,1
ITA,2016,2,TRAWLNONE,,GSA11.2,,1300:708:1,,,N,N,1
ITA,2016,3,TRAWLNONE,,GSA11.2,,1300:708:1,,,N,N,2
ITA,2017,1,TRAWLNONE,,GSA11.2,,1300:708:1,,,N,N,1
ITA,2017,2,TRAWLNONE,,GSA11.2,,1300:708:1,,,N,N,1
ITA,2019,2,sNETS,,GSA11.1,,1300:708:1,,,N,N,1
ITA,2020,2,TRAWLNONE,,GSA11.2,,1300:708:1,,,N,N,1
ITA,2020,3,TRAWLNONE,,GSA11.2,,1300:708:1,,,N,N,1
ITA,2021,3,TRAWLNONE,,GSA11.2,,1300:708:1,,,N,N,2
ITA,2013,2,TRAWLNONE,,GSA11.2,,1300:709:2,,,N,N,1
ITA,2013,3,TRAWLNONE,,GSA11.2,,1300:709:2,,,N,N,1
ITA,2014,1,TRAWLNONE,,GSA11.2,,1300:709:2,,,N,N,1
ITA,2014,2,TRAWLNONE,,GSA11.2,,1300:709:2,,,N,N,2
ITA,2014,3,TRAWLNONE,,GSA11.2,,1300:709:2,,,N,N,1
ITA,2014,4,TRAWLNONE,,GSA11.2,,1300:709:2,,,N,N,1
ITA,2015,1,TRAWLNONE,,GSA11.2,,1300:709:2,,,N,N,1
ITA,2015,2,TRAWLNONE,,GSA11.2,,1300:709:2,,,N,N,4
ITA,2015,3,TRAWLNONE,,GSA11.2,,1300:709:2,,,N,N,5
ITA,2015,4,TRAWLNONE,,GSA11.2,,1300:709:2,,,N,N,2
ITA,2016,1,TRAWLNONE,,GSA11.2,,1300:709:2,,,N,N,3
ITA,2016,3,TRAWLNONE,,GSA11.2,,1300:709:2,,,N,N,3
ITA,2017,1,TRAWLNONE,,GSA11.2,,1300:709:2,,,N,N,1
ITA,2017,2,TRAWLNONE,,GSA11.2,,1300:709:2,,,N,N,5
ITA,2017,3,TRAWLNONE,,GSA11.2,,1300:709:2,,,N,N,2
ITA,2017,4,TRAWLNONE,,GSA11.2,,1300:709:2,,,N,N,2
ITA,2018,2,TRAWLNONE,,GSA11.2,,1300:709:2,,,N,N,2
ITA,2018,3,TRAWLNONE,,GSA11.2,,1300:709:2,,,N,N,2
ITA,2019,1,TRAWLNONE,,GSA11.2,,1300:709:2,,,N,N,1
ITA,2019,4,TRAWLNONE,,GSA11.2,,1300:709:2,,,N,N,1
ITA,2020,2,TRAWLNONE,,GSA11.2,,1300:709:2,,,N,N,1
ITA,2020,3,TRAWLNONE,,GSA11.2,,1300:709:2,,,N,N,3
ITA,2020,4,TRAWLNONE,,GSA11.2,,1300:709:2,,,N,N,1
ITA,2021,1,TRAWLNONE,,GSA11.2,,1300:709:2,,,N,N,2
ITA,2021,2,TRAWLNONE,,GSA11.2,,1300:709:2,,,N,N,1
ITA,2016,3,HOOKS,,GSA11.2,,1301:600:1,,,N,N,1
ITA,2020,3,HOOKS,,GSA10,,1301:603:1,,,N,N,2
ITA,2017,2,HOOKS,,GSA10,,1301:603:2,,,N,N,1
ITA,2013,2,TRAWLNONE,,GSA10,,1301:604:2,,,N,N,1
ITA,2013,4,TRAWLNONE,,GSA10,,1301:604:2,,,N,N,1
ITA,2014,1,TRAWLNONE,,GSA10,,1301:604:2,,,N,N,1
ITA,2014,1,HOOKS,,GSA10,,1301:604:2,,,N,N,1
ITA,2014,3,TRAWLNONE,,GSA10,,1301:604:2,,,N,N,2
ITA,2015,2,TRAWLNONE,,GSA10,,1301:604:2,,,N,N,1
ITA,2015,4,TRAWLNONE,,GSA10,,1301:604:2,,,N,N,1
ITA,2016,2,TRAWLNONE,,GSA10,,1301:604:2,,,N,N,3
ITA,2016,3,TRAWLNONE,,GSA10,,1301:604:2,,,N,N,5
ITA,2017,2,TRAWLNONE,,GSA10,,1301:604:2,,,N,N,1
ITA,2017,3,TRAWLNONE,,GSA10,,1301:604:2,,,N,N,1
ITA,2018,3,TRAWLNONE,,GSA10,,1301:604:2,,,N,N,2
ITA,2019,1,TRAWLNONE,,GSA10,,1301:604:2,,,N,N,1
ITA,2020,1,TRAWLNONE,,GSA10,,1301:604:2,,,N,N,2
ITA,2020,2,TRAWLNONE,,GSA10,,1301:604:2,,,N,N,5
ITA,2020,3,TRAWLNONE,,GSA10,,1301:604:2,,,N,N,3
ITA,2021,2,TRAWLNONE,,GSA10,,1301:604:2,,,N,N,1
ITA,2013,1,TRAWLNONE,,GSA10,,1301:705:1,,,N,N,1
ITA,2013,3,TRAWLNONE,,GSA10,,1301:705:1,,,N,N,4
ITA,2013,4,TRAWLNONE,,GSA10,,1301:705:1,,,N,N,1
ITA,2014,1,TRAWLNONE,,GSA10,,1301:705:1,,,N,N,3
ITA,2014,2,TRAWLNONE,,GSA10,,1301:705:1,,,N,N,1
ITA,2015,2,TRAWLNONE,,GSA10,,1301:705:1,,,N,N,3
ITA,2015,3,TRAWLNONE,,GSA10,,1301:705:1,,,N,N,1
ITA,2015,4,TRAWLNONE,,GSA10,,1301:705:1,,,N,N,1
ITA,2015,4,sNETS,,GSA10,,1301:705:1,,,N,N,1
ITA,2016,1,TRAWLNONE,,GSA10,,1301:705:1,,,N,N,3
ITA,2017,1,TRAWLNONE,,GSA10,,1301:705:1,,,N,N,1
ITA,2017,3,HOOKS,,GSA10,,1301:705:1,,,N,N,1
ITA,2019,2,TRAWLNONE,,GSA10,,1301:705:1,,,N,N,1
ITA,2019,4,sNETS,,GSA10,,1301:705:1,,,N,N,1
ITA,2021,3,TRAWLNONE,,GSA10,,1301:705:1,,,N,N,1
ITA,2013,1,TRAWLNONE,,GSA10,,1301:705:2,,,N,N,3
ITA,2013,2,TRAWLNONE,,GSA10,,1301:705:2,,,N,N,1
ITA,2013,3,TRAWLNONE,,GSA10,,1301:705:2,,,N,N,1
ITA,2013,4,TRAWLNONE,,GSA10,,1301:705:2,,,N,N,1
ITA,2014,3,TRAWLNONE,,GSA10,,1301:705:2,,,N,N,1
ITA,2016,3,TRAWLNONE,,GSA10,,1301:705:2,,,N,N,2
ITA,2017,3,TRAWLNONE,,GSA10,,1301:705:2,,,N,N,2
ITA,2017,3,HOOKS,,GSA10,,1301:705:2,,,N,N,1
ITA,2018,2,TRAWLNONE,,GSA10,,1301:705:2,,,N,N,1
ITA,2019,4,TRAWLNONE,,GSA10,,1301:705:2,,,N,N,1
ITA,2020,3,TRAWLNONE,,GSA10,,1301:705:2,,,N,N,1
ITA,2020,4,TRAWLNONE,,GSA10,,1301:705:2,,,N,N,1
ITA,2021,1,TRAWLNONE,,GSA10,,1301:705:2,,,N,N,1
ITA,2021,3,TRAWLNONE,,GSA10,,1301:705:2,,,N,N,1
ITA,2013,1,TRAWLNONE,,GSA19,,1301:706:2,,,N,N,3
ITA,2013,2,TRAWLNONE,,GSA19,,1301:706:2,,,N,N,3
ITA,2013,3,TRAWLNONE,,GSA19,,1301:706:2,,,N,N,3
ITA,2013,4,TRAWLNONE,,GSA19,,1301:706:2,,,N,N,2
ITA,2014,1,TRAWLNONE,,GSA19,,1301:706:2,,,N,N,1
ITA,2014,2,TRAWLNONE,,GSA19,,1301:706:2,,,N,N,2
ITA,2014,3,TRAWLNONE,,GSA19,,1301:706:2,,,N,N,3
ITA,2014,4,TRAWLNONE,,GSA19,,1301:706:2,,,N,N,1
ITA,2015,1,TRAWLNONE,,GSA19,,1301:706:2,,,N,N,1
ITA,2015,2,TRAWLNONE,,GSA19,,1301:706:2,,,N,N,2
ITA,2015,3,TRAWLNONE,,GSA19,,1301:706:2,,,N,N,2
ITA,2016,1,TRAWLNONE,,GSA19,,1301:706:2,,,N,N,2
ITA,2016,2,TRAWLNONE,,GSA19,,1301:706:2,,,N,N,2
ITA,2016,3,TRAWLNONE,,GSA19,,1301:706:2,,,N,N,2
ITA,2016,4,TRAWLNONE,,GSA19,,1301:706:2,,,N,N,1
ITA,2017,2,TRAWLNONE,,GSA19,,1301:706:2,,,N,N,1
ITA,2017,3,TRAWLNONE,,GSA19,,1301:706:2,,,N,N,1
ITA,2017,3,HOOKS,,GSA19,,1301:706:2,,,N,N,1
ITA,2017,4,TRAWLNONE,,GSA19,,1301:706:2,,,N,N,4
ITA,2018,1,TRAWLNONE,,GSA19,,1301:706:2,,,N,N,3
ITA,2018,2,HOOKS,,GSA19,,1301:706:2,,,N,N,1
ITA,2018,3,TRAWLNONE,,GSA19,,1301:706:2,,,N,N,2
ITA,2018,4,TRAWLNONE,,GSA19,,1301:706:2,,,N,N,3
ITA,2019,1,TRAWLNONE,,GSA19,,1301:706:2,,,N,N,1
ITA,2019,2,TRAWLNONE,,GSA19,,1301:706:2,,,N,N,1
ITA,2019,3,TRAWLNONE,,GSA19,,1301:706:2,,,N,N,1
ITA,2021,1,TRAWLNONE,,GSA19,,1301:706:2,,,N,N,3
ITA,2021,2,TRAWLNONE,,GSA19,,1301:706:2,,,N,N,3
ITA,2022,1,TRAWLNONE,,GSA19,,1301:706:2,,,N,N,1
ITA,2017,2,TRAWLNONE,,GSA19,,1301:707:2,,,N,N,3
ITA,2018,1,TRAWLNONE,,GSA19,,1301:707:2,,,N,N,1
ITA,2020,3,TRAWLNONE,,GSA19,,1301:707:2,,,N,N,1
ITA,2021,3,TRAWLNONE,,GSA19,,1301:707:2,,,N,N,1
ITA,2022,1,TRAWLNONE,,GSA19,,1301:707:2,,,N,N,1
ITA,2013,1,TRAWLNONE,,GSA19,,1301:708:2,,,N,N,4
ITA,2013,2,TRAWLNONE,,GSA19,,1301:708:2,,,N,N,3
ITA,2013,2,TRAWLNONE,,GSA18,,1301:708:2,,,N,N,2
ITA,2013,3,TRAWLNONE,,GSA18,,1301:708:2,,,N,N,3
ITA,2013,3,TRAWLNONE,,GSA19,,1301:708:2,,,N,N,2
ITA,2013,4,TRAWLNONE,,GSA18,,1301:708:2,,,N,N,1
ITA,2014,1,TRAWLNONE,,GSA19,,1301:708:2,,,N,N,2
ITA,2014,3,TRAWLNONE,,GSA19,,1301:708:2,,,N,N,2
ITA,2014,4,TRAWLNONE,,GSA19,,1301:708:2,,,N,N,3
ITA,2014,4,TRAWLNONE,,GSA18,,1301:708:2,,,N,N,1
ITA,2015,1,TRAWLNONE,,GSA19,,1301:708:2,,,N,N,3
ITA,2015,2,TRAWLNONE,,GSA19,,1301:708:2,,,N,N,3
ITA,2015,2,TRAWLNONE,,GSA18,,1301:708:2,,,N,N,3
ITA,2015,3,TRAWLNONE,,GSA19,,1301:708:2,,,N,N,4
ITA,2015,3,TRAWLNONE,,GSA18,,1301:708:2,,,N,N,2
ITA,2015,4,TRAWLNONE,,GSA19,,1301:708:2,,,N,N,3
ITA,2016,1,TRAWLNONE,,GSA19,,1301:708:2,,,N,N,1
ITA,2016,1,TRAWLNONE,,GSA18,,1301:708:2,,,N,N,2
ITA,2016,2,TRAWLNONE,,GSA18,,1301:708:2,,,N,N,2
ITA,2016,3,TRAWLNONE,,GSA19,,1301:708:2,,,N,N,2
ITA,2016,4,TRAWLNONE,,GSA19,,1301:708:2,,,N,N,2
ITA,2016,4,TRAWLNONE,,GSA18,,1301:708:2,,,N,N,1
ITA,2017,2,TRAWLNONE,,GSA18,,1301:708:2,,,N,N,4
ITA,2017,2,TRAWLNONE,,GSA19,,1301:708:2,,,N,N,3
ITA,2017,3,TRAWLNONE,,GSA18,,1301:708:2,,,N,N,5
ITA,2017,3,TRAWLNONE,,GSA19,,1301:708:2,,,N,N,2
ITA,2017,4,TRAWLNONE,,GSA18,,1301:708:2,,,N,N,1
ITA,2017,4,TRAWLNONE,,GSA19,,1301:708:2,,,N,N,6
ITA,2018,1,TRAWLNONE,,GSA19,,1301:708:2,,,N,N,4
ITA,2018,1,TRAWLNONE,,GSA18,,1301:708:2,,,N,N,1
ITA,2018,2,TRAWLNONE,,GSA18,,1301:708:2,,,N,N,2
ITA,2018,2,TRAWLNONE,,GSA19,,1301:708:2,,,N,N,2
ITA,2018,3,TRAWLNONE,,GSA18,,1301:708:2,,,N,N,3
ITA,2018,3,TRAWLNONE,,GSA19,,1301:708:2,,,N,N,1
ITA,2018,4,TRAWLNONE,,GSA19,,1301:708:2,,,N,N,2
ITA,2019,2,TRAWLNONE,,GSA19,,1301:708:2,,,N,N,3
ITA,2019,2,TRAWLNONE,,GSA18,,1301:708:2,,,N,N,1
ITA,2019,3,TRAWLNONE,,GSA18,,1301:708:2,,,N,N,2
ITA,2019,4,TRAWLNONE,,GSA19,,1301:708:2,,,N,N,4
ITA,2020,1,TRAWLNONE,,GSA18,,1301:708:2,,,N,N,1
ITA,2020,1,TRAWLNONE,,GSA19,,1301:708:2,,,N,N,3
ITA,2020,2,TRAWLNONE,,GSA19,,1301:708:2,,,N,N,2
ITA,2020,3,TRAWLNONE,,GSA18,,1301:708:2,,,N,N,2
ITA,2020,3,TRAWLNONE,,GSA19,,1301:708:2,,,N,N,3
ITA,2020,4,TRAWLNONE,,GSA19,,1301:708:2,,,N,N,2
ITA,2020,4,TRAWLNONE,,GSA18,,1301:708:2,,,N,N,1
ITA,2021,1,TRAWLNONE,,GSA19,,1301:708:2,,,N,N,2
ITA,2021,2,TRAWLNONE,,GSA19,,1301:708:2,,,N,N,4
ITA,2021,2,TRAWLNONE,,GSA18,,1301:708:2,,,N,N,1
ITA,2021,3,TRAWLNONE,,GSA19,,1301:708:2,,,N,N,3
ITA,2021,3,TRAWLNONE,,GSA18,,1301:708:2,,,N,N,4
ITA,2021,4,TRAWLNONE,,GSA19,,1301:708:2,,,N,N,2
ITA,2021,4,TRAWLNONE,,GSA18,,1301:708:2,,,N,N,1
ITA,2013,1,TRAWLNONE,,GSA11.2,,1400:310:3,,,N,N,3
ITA,2013,2,TRAWLNONE,,GSA11.2,,1400:310:3,,,N,N,7
ITA,2013,3,TRAWLNONE,,GSA11.2,,1400:310:3,,,N,N,10
ITA,2013,4,TRAWLNONE,,GSA11.2,,1400:310:3,,,N,N,1
ITA,2014,1,TRAWLNONE,,GSA11.2,,1400:310:3,,,N,N,1
ITA,2014,2,TRAWLNONE,,GSA11.2,,1400:310:3,,,N,N,5
ITA,2014,3,TRAWLNONE,,GSA11.2,,1400:310:3,,,N,N,4
ITA,2015,1,TRAWLNONE,,GSA11.2,,1400:310:3,,,N,N,2
ITA,2015,2,TRAWLNONE,,GSA11.2,,1400:310:3,,,N,N,6
ITA,2015,3,TRAWLNONE,,GSA11.2,,1400:310:3,,,N,N,2
ITA,2015,4,TRAWLNONE,,GSA11.2,,1400:310:3,,,N,N,2
ITA,2020,3,TRAWLNONE,,GSA11.2,,1400:310:3,,,N,N,1
ITA,2021,1,TRAWLNONE,,GSA11.2,,1400:310:3,,,N,N,2
ITA,2013,2,TRAWLNONE,,GSA11.2,,1400:320:1,,,N,N,1
ITA,2013,3,TRAWLNONE,,GSA11.2,,1400:320:1,,,N,N,7
ITA,2014,3,TRAWLNONE,,GSA11.2,,1400:320:1,,,N,N,4
ITA,2015,2,TRAWLNONE,,GSA11.2,,1400:320:1,,,N,N,1
ITA,2015,3,TRAWLNONE,,GSA11.2,,1400:320:1,,,N,N,5
ITA,2017,2,TRAWLNONE,,GSA11.2,,1400:320:1,,,N,N,1
ITA,2017,3,TRAWLNONE,,GSA11.2,,1400:320:1,,,N,N,1
ITA,2021,1,TRAWLNONE,,GSA11.2,,1400:320:1,,,N,N,1
ITA,2014,2,TRAWLNONE,,GSA9,,1400:320:3,,,N,N,1
ITA,2019,3,TRAWLNONE,,GSA9,,1400:320:3,,,N,N,1
ITA,2020,3,TRAWLNONE,,GSA9,,1400:320:3,,,N,N,1
ITA,2013,1,TRAWLNONE,,GSA9,,1400:330:1,,,N,N,2
ITA,2013,2,TRAWLNONE,,GSA9,,1400:330:1,,,N,N,6
ITA,2014,2,TRAWLNONE,,GSA9,,1400:330:1,,,N,N,6
ITA,2014,3,TRAWLNONE,,GSA9,,1400:330:1,,,N,N,6
ITA,2015,1,TRAWLNONE,,GSA9,,1400:330:1,,,N,N,1
ITA,2015,2,TRAWLNONE,,GSA9,,1400:330:1,,,N,N,5
ITA,2015,3,HOOKS,,GSA9,,1400:330:1,,,N,N,1
ITA,2015,3,TRAWLNONE,,GSA9,,1400:330:1,,,N,N,2
ITA,2019,3,TRAWLNONE,,GSA9,,1400:330:1,,,N,N,2
ITA,2020,1,TRAWLNONE,,GSA9,,1400:330:1,,,N,N,1
ITA,2020,3,HOOKS,,GSA9,,1400:330:1,,,N,N,1
ITA,2020,4,TRAWLNONE,,GSA9,,1400:330:1,,,N,N,1
ITA,2013,1,TRAWLNONE,,GSA9,,1400:330:3,,,N,N,2
ITA,2013,2,TRAWLNONE,,GSA9,,1400:330:3,,,N,N,2
ITA,2013,2,sNETS,,GSA9,,1400:330:3,,,N,N,1
ITA,2013,3,TRAWLNONE,,GSA9,,1400:330:3,,,N,N,1
ITA,2014,2,TRAWLNONE,,GSA9,,1400:330:3,,,N,N,2
ITA,2014,3,sNETS,,GSA9,,1400:330:3,,,N,N,1
ITA,2016,2,sNETS,,GSA9,,1400:330:3,,,N,N,1
ITA,2018,2,TRAWLNONE,,GSA9,,1400:330:3,,,N,N,1
ITA,2018,3,TRAWLNONE,,GSA9,,1400:330:3,,,N,N,1
ITA,2020,3,TRAWLNONE,,GSA9,,1400:330:3,,,N,N,1
ITA,2021,4,TRAWLNONE,,GSA9,,1400:330:3,,,N,N,1
ITA,2013,1,TRAWLNONE,,GSA9,,1400:340:1,,,N,N,1
ITA,2013,2,TRAWLNONE,,GSA9,,1400:340:1,,,N,N,3
ITA,2013,3,sNETS,,GSA9,,1400:340:1,,,N,N,1
ITA,2013,3,TRAWLNONE,,GSA9,,1400:340:1,,,N,N,2
ITA,2015,2,TRAWLNONE,,GSA9,,1400:340:1,,,N,N,1
ITA,2015,2,sNETS,,GSA9,,1400:340:1,,,N,N,1
ITA,2015,3,TRAWLNONE,,GSA9,,1400:340:1,,,N,N,1
ITA,2015,3,sNETS,,GSA9,,1400:340:1,,,N,N,1
ITA,2019,2,TRAWLNONE,,GSA9,,1400:340:1,,,N,N,1
ITA,2013,1,TRAWLNONE,,GSA9,,1400:340:3,,,N,N,12
ITA,2013,1,TBBNONE,,GSA9,,1400:340:3,,,N,N,1
ITA,2013,2,TRAWLNONE,,GSA9,,1400:340:3,,,N,N,3
ITA,2013,2,TBBNONE,,GSA9,,1400:340:3,,,N,N,2
ITA,2013,3,TRAWLNONE,,GSA9,,1400:340:3,,,N,N,6
ITA,2013,4,TRAWLNONE,,GSA9,,1400:340:3,,,N,N,4
ITA,2013,4,TBBNONE,,GSA9,,1400:340:3,,,N,N,2
ITA,2014,1,TRAWLNONE,,GSA9,,1400:340:3,,,N,N,6
ITA,2014,2,TRAWLNONE,,GSA9,,1400:340:3,,,N,N,1
ITA,2014,3,TRAWLNONE,,GSA9,,1400:340:3,,,N,N,8
ITA,2014,3,sNETS,,GSA9,,1400:340:3,,,N,N,2
ITA,2014,4,TRAWLNONE,,GSA9,,1400:340:3,,,N,N,9
ITA,2015,1,TRAWLNONE,,GSA9,,1400:340:3,,,N,N,12
ITA,2015,2,TRAWLNONE,,GSA9,,1400:340:3,,,N,N,3
ITA,2015,2,TBBNONE,,GSA9,,1400:340:3,,,N,N,2
ITA,2015,3,TRAWLNONE,,GSA9,,1400:340:3,,,N,N,6
ITA,2015,3,TBBNONE,,GSA9,,1400:340:3,,,N,N,1
ITA,2015,4,TRAWLNONE,,GSA9,,1400:340:3,,,N,N,7
ITA,2018,1,TRAWLNONE,,GSA9,,1400:340:3,,,N,N,5
ITA,2018,4,TRAWLNONE,,GSA9,,1400:340:3,,,N,N,2
ITA,2019,4,TRAWLNONE,,GSA9,,1400:340:3,,,N,N,3
ITA,2020,1,TRAWLNONE,,GSA9,,1400:340:3,,,N,N,3
ITA,2020,3,TRAWLNONE,,GSA9,,1400:340:3,,,N,N,2
ITA,2021,1,TRAWLNONE,,GSA9,,1400:340:3,,,N,N,3
ITA,2021,3,TRAWLNONE,,GSA9,,1400:340:3,,,N,N,3
ITA,2021,4,TRAWLNONE,,GSA9,,1400:340:3,,,N,N,3
