c_square,year,quarter,vessel_length,fishing_tech,gear_type,target_assemblage,mesh_size_range,metier,metier_7,supra_region,sub_region,eez_indicator,geo_indicator,specon_tech,deep,rectangle_type,latitude,longitude,totfishdays,confidential,id,type,csq_x,csq_y
1300:580:3,2014,1,VL2440,DTS,OTB,NK,NK,NK,NK,MBS,GSA12,,NGI,,,,,,1,N,7619,,,
1300:590:1,2013,1,VL2440,DTS,OTB,NK,NK,NK,NK,MBS,GSA12,,NGI,,,,,,1,N,936,,,
1300:590:1,2013,3,VL2440,DTS,OTB,NK,NK,NK,NK,MBS,GSA12,,NGI,,,,,,1,N,4557,,,
1300:590:1,2013,4,VL2440,DTS,OTB,NK,NK,NK,NK,MBS,GSA12,,NGI,,,,,,1,N,6183,,,
1300:590:1,2014,2,VL2440,DTS,OTB,NK,NK,NK,NK,MBS,GSA12,,NGI,,,,,,2,N,9247,,,
1300:590:1,2015,2,VL2440,DTS,OTB,NK,NK,NK,NK,MBS,GSA12,,NGI,,,,,,4,N,15913,,,
1300:590:1,2015,3,VL2440,DTS,OTB,NK,NK,NK,NK,MBS,GSA12,,NGI,,,,,,1,N,17858,,,
1300:590:1,2018,3,VL2440,DTS,OTB,NK,NK,NK,NK,MBS,GSA12,,NGI,,,,,,1,N,39581,,,
1300:590:1,2019,2,VL2440,DTS,OTB,NK,NK,NK,NK,MBS,GSA12,,NGI,,,,,,1,N,44607,,,
1300:590:1,2021,3,VL2440,DTS,OTB,NK,NK,NK,NK,MBS,GSA12,,NGI,,,,,,1,N,58441,,,
1300:600:1,2013,3,VL1218,HOK,LLS,NK,NK,NK,NK,MBS,GSA11.2,,NGI,,,,,,1,N,3414,,,
1300:600:3,2013,3,VL1218,HOK,LLS,NK,NK,NK,NK,MBS,GSA11.2,,NGI,,,,,,1,N,3415,,,
1300:600:3,2015,3,VL1824,HOK,LLS,NK,NK,NK,NK,MBS,GSA11.2,,NGI,,,,,,1,N,17383,,,
1300:600:3,2015,3,VL1824,PS,PS,NK,NK,NK,NK,MBS,GSA11.2,,NGI,,,,,,1,N,17633,,,
1300:706:2,2017,4,VL1824,PS,PS,NK,NK,NK,NK,MBS,GSA11.1,,NGI,,,,,,1,N,33882,,,
1300:707:2,2015,3,VL1218,HOK,LLS,NK,NK,NK,NK,MBS,GSA11.1,,NGI,,,,,,1,N,16694,,,
1300:707:2,2018,3,VL1218,HOK,LLS,NK,NK,NK,NK,MBS,GSA11.1,,NGI,,,,,,1,N,38257,,,
1300:707:2,2020,2,VL1218,PS,PS,NK,NK,NK,NK,MBS,GSA11.1,,NGI,,,,,,1,N,50358,,,
1300:708:1,2013,1,VL1824,DTS,OTB,NK,NK,NK,NK,MBS,GSA11.2,,NGI,,,,,,1,N,440,,,
1300:708:1,2013,3,VL1824,DTS,OTB,NK,NK,NK,NK,MBS,GSA11.2,,NGI,,,,,,1,N,3812,,,
1300:708:1,2014,2,VL1824,DTS,OTB,NK,NK,NK,NK,MBS,GSA11.2,,NGI,,,,,,1,N,8564,,,
1300:708:1,2016,2,VL1824,DTS,OTB,NK,NK,NK,NK,MBS,GSA11.2,,NGI,,,,,,1,N,22283,,,
1300:708:1,2016,3,VL1824,DTS,OTB,NK,NK,NK,NK,MBS,GSA11.2,,NGI,,,,,,2,N,24428,,,
1300:708:1,2017,1,VL1824,DTS,OTB,NK,NK,NK,NK,MBS,GSA11.2,,NGI,,,,,,1,N,28032,,,
1300:708:1,2017,2,VL1824,DTS,OTB,NK,NK,NK,NK,MBS,GSA11.2,,NGI,,,,,,1,N,29600,,,
1300:708:1,2019,2,VL1218,PS,PS,NK,NK,NK,NK,MBS,GSA11.1,,NGI,,,,,,1,N,43810,,,
1300:708:1,2020,2,VL1824,DTS,OTB,NK,NK,NK,NK,MBS,GSA11.2,,NGI,,,,,,1,N,50629,,,
1300:708:1,2020,3,VL1824,DTS,OTB,NK,NK,NK,NK,MBS,GSA11.2,,NGI,,,,,,1,N,52598,,,
1300:708:1,2021,3,VL1824,DTS,OTB,NK,NK,NK,NK,MBS,GSA11.2,,NGI,,,,,,2,N,58014,,,
1300:709:2,2013,2,VL2440,DTS,OTB,NK,NK,NK,NK,MBS,GSA11.2,,NGI,,,,,,1,N,2569,,,
1300:709:2,2013,3,VL2440,DTS,OTB,NK,NK,NK,NK,MBS,GSA11.2,,NGI,,,,,,1,N,4537,,,
1300:709:2,2014,1,VL2440,DTS,OTB,NK,NK,NK,NK,MBS,GSA11.2,,NGI,,,,,,1,N,7597,,,
1300:709:2,2014,2,VL2440,DTS,OTB,NK,NK,NK,NK,MBS,GSA11.2,,NGI,,,,,,2,N,9226,,,
1300:709:2,2014,3,VL1824,DTS,OTB,NK,NK,NK,NK,MBS,GSA11.2,,NGI,,,,,,1,N,10442,,,
1300:709:2,2014,4,VL1824,DTS,OTB,NK,NK,NK,NK,MBS,GSA11.2,,NGI,,,,,,1,N,12267,,,
1300:709:2,2015,1,VL2440,DTS,OTB,NK,NK,NK,NK,MBS,GSA11.2,,NGI,,,,,,1,N,14205,,,
1300:709:2,2015,2,VL1824,DTS,OTB,NK,NK,NK,NK,MBS,GSA11.2,,NGI,,,,,,4,N,15216,,,
1300:709:2,2015,3,VL1824,DTS,OTB,NK,NK,NK,NK,MBS,GSA11.2,,NGI,,,,,,4,N,17092,,,
1300:709:2,2015,3,VL2440,DTS,OTB,NK,NK,NK,NK,MBS,GSA11.2,,NGI,,,,,,1,N,17839,,,
1300:709:2,2015,4,VL1824,DTS,OTB,NK,NK,NK,NK,MBS,GSA11.2,,NGI,,,,,,2,N,18938,,,
1300:709:2,2016,1,VL1824,DTS,OTB,NK,NK,NK,NK,MBS,GSA11.2,,NGI,,,,,,3,N,20621,,,
1300:709:2,2016,3,VL1824,DTS,OTB,NK,NK,NK,NK,MBS,GSA11.2,,NGI,,,,,,3,N,24429,,,
1300:709:2,2017,1,VL1824,DTS,OTB,NK,NK,NK,NK,MBS,GSA11.2,,NGI,,,,,,1,N,28033,,,
1300:709:2,2017,2,VL1824,DTS,OTB,NK,NK,NK,NK,MBS,GSA11.2,,NGI,,,,,,4,N,29601,,,
1300:709:2,2017,2,VL2440,DTS,OTB,NK,NK,NK,NK,MBS,GSA11.2,,NGI,,,,,,1,N,30265,,,
1300:709:2,2017,3,VL1824,DTS,OTB,NK,NK,NK,NK,MBS,GSA11.2,,NGI,,,,,,1,N,31485,,,
1300:709:2,2017,3,VL2440,DTS,OTB,NK,NK,NK,NK,MBS,GSA11.2,,NGI,,,,,,1,N,32225,,,
1300:709:2,2017,4,VL2440,DTS,OTB,NK,NK,NK,NK,MBS,GSA11.2,,NGI,,,,,,2,N,34079,,,
1300:709:2,2018,2,VL1824,DTS,OTB,NK,NK,NK,NK,MBS,GSA11.2,,NGI,,,,,,1,N,36705,,,
1300:709:2,2018,2,VL2440,DTS,OTB,NK,NK,NK,NK,MBS,GSA11.2,,NGI,,,,,,1,N,37413,,,
1300:709:2,2018,3,VL2440,DTS,OTB,NK,NK,NK,NK,MBS,GSA11.2,,NGI,,,,,,2,N,39563,,,
1300:709:2,2019,1,VL1824,DTS,OTB,NK,NK,NK,NK,MBS,GSA11.2,,NGI,,,,,,1,N,42546,,,
1300:709:2,2019,4,VL2440,DTS,OTB,NK,NK,NK,NK,MBS,GSA11.2,,NGI,,,,,,1,N,48149,,,
1300:709:2,2020,2,VL1824,DTS,OTB,NK,NK,NK,NK,MBS,GSA11.2,,NGI,,,,,,1,N,50630,,,
1300:709:2,2020,3,VL1824,DTS,OTB,NK,NK,NK,NK,MBS,GSA11.2,,NGI,,,,,,1,N,52599,,,
1300:709:2,2020,3,VL2440,DTS,OTB,NK,NK,NK,NK,MBS,GSA11.2,,NGI,,,,,,2,N,53359,,,
1300:709:2,2020,4,VL1824,DTS,OTB,NK,NK,NK,NK,MBS,GSA11.2,,NGI,,,,,,1,N,54452,,,
1300:709:2,2021,1,VL1824,DTS,OTB,NK,NK,NK,NK,MBS,GSA11.2,,NGI,,,,,,2,N,55798,,,
1300:709:2,2021,2,VL1824,DTS,OTB,NK,NK,NK,NK,MBS,GSA11.2,,NGI,,,,,,1,N,56813,,,
1301:600:1,2016,3,VL1824,HOK,LLS,NK,NK,NK,NK,MBS,GSA11.2,,NGI,,,,,,1,N,24719,,,
1301:603:1,2020,3,VL2440,HOK,LLS,NK,NK,NK,NK,MBS,GSA10,,NGI,,,,,,2,N,53558,,,
1301:603:2,2017,2,VL1824,HOK,LLS,NK,NK,NK,NK,MBS,GSA10,,NGI,,,,,,1,N,29840,,,
1301:604:2,2013,2,VL1824,DTS,OTB,NK,NK,NK,NK,MBS,GSA10,,NGI,,,,,,1,N,1877,,,
1301:604:2,2013,4,VL1824,DTS,OTB,NK,NK,NK,NK,MBS,GSA10,,NGI,,,,,,1,N,5599,,,
1301:604:2,2014,1,VL1218,DTS,OTB,NK,NK,NK,NK,MBS,GSA10,,NGI,,,,,,1,N,6647,,,
1301:604:2,2014,1,VL2440,HOK,LLS,NK,NK,NK,NK,MBS,GSA10,,NGI,,,,,,1,N,7790,,,
1301:604:2,2014,3,VL1824,DTS,OTB,NK,NK,NK,NK,MBS,GSA10,,NGI,,,,,,2,N,10414,,,
1301:604:2,2015,2,VL1824,DTS,OTB,NK,NK,NK,NK,MBS,GSA10,,NGI,,,,,,1,N,15186,,,
1301:604:2,2015,4,VL1824,DTS,OTB,NK,NK,NK,NK,MBS,GSA10,,NGI,,,,,,1,N,18911,,,
1301:604:2,2016,2,VL1824,DTS,OTB,NK,NK,NK,NK,MBS,GSA10,,NGI,,,,,,3,N,22254,,,
1301:604:2,2016,3,VL1824,DTS,OTB,NK,NK,NK,NK,MBS,GSA10,,NGI,,,,,,5,N,24400,,,
1301:604:2,2017,2,VL1824,DTS,OTB,NK,NK,NK,NK,MBS,GSA10,,NGI,,,,,,1,N,29569,,,
1301:604:2,2017,3,VL1824,DTS,OTB,NK,NK,NK,NK,MBS,GSA10,,NGI,,,,,,1,N,31451,,,
1301:604:2,2018,3,VL1824,DTS,OTB,NK,NK,NK,NK,MBS,GSA10,,NGI,,,,,,2,N,38768,,,
1301:604:2,2019,1,VL2440,DTS,OTB,NK,NK,NK,NK,MBS,GSA10,,NGI,,,,,,1,N,42923,,,
1301:604:2,2020,1,VL1218,DTS,OTB,NK,NK,NK,NK,MBS,GSA10,,NGI,,,,,,1,N,48550,,,
1301:604:2,2020,1,VL1824,DTS,OTB,NK,NK,NK,NK,MBS,GSA10,,NGI,,,,,,1,N,49013,,,
1301:604:2,2020,2,VL1824,DTS,OTB,NK,NK,NK,NK,MBS,GSA10,,NGI,,,,,,5,N,50599,,,
1301:604:2,2020,3,VL1824,DTS,OTB,NK,NK,NK,NK,MBS,GSA10,,NGI,,,,,,3,N,52566,,,
1301:604:2,2021,2,VL1824,DTS,OTB,NK,NK,NK,NK,MBS,GSA10,,NGI,,,,,,1,N,56781,,,
1301:705:1,2013,1,VL1218,DTS,OTB,NK,NK,NK,NK,MBS,GSA10,,NGI,,,,,,1,N,17,,,
1301:705:1,2013,3,VL1218,DTS,OTB,NK,NK,NK,NK,MBS,GSA10,,NGI,,,,,,4,N,3151,,,
1301:705:1,2013,4,VL1824,DTS,OTB,NK,NK,NK,NK,MBS,GSA10,,NGI,,,,,,1,N,5600,,,
1301:705:1,2014,1,VL1218,DTS,OTB,NK,NK,NK,NK,MBS,GSA10,,NGI,,,,,,1,N,6648,,,
1301:705:1,2014,1,VL1824,DTS,OTB,NK,NK,NK,NK,MBS,GSA10,,NGI,,,,,,2,N,7052,,,
1301:705:1,2014,2,VL1218,DTS,OTB,NK,NK,NK,NK,MBS,GSA10,,NGI,,,,,,1,N,7992,,,
1301:705:1,2015,2,VL1218,DTS,OTB,NK,NK,NK,NK,MBS,GSA10,,NGI,,,,,,3,N,14618,,,
1301:705:1,2015,3,VL1824,DTS,OTB,NK,NK,NK,NK,MBS,GSA10,,NGI,,,,,,1,N,17065,,,
1301:705:1,2015,4,VL1218,DTS,OTB,NK,NK,NK,NK,MBS,GSA10,,NGI,,,,,,1,N,18391,,,
1301:705:1,2015,4,VL1824,PS,PS,NK,NK,NK,NK,MBS,GSA10,,NGI,,,,,,1,N,19342,,,
1301:705:1,2016,1,VL1218,DTS,OTB,NK,NK,NK,NK,MBS,GSA10,,NGI,,,,,,1,N,20106,,,
1301:705:1,2016,1,VL1824,DTS,OTB,NK,NK,NK,NK,MBS,GSA10,,NGI,,,,,,1,N,20592,,,
1301:705:1,2016,1,VL2440,DTS,OTB,NK,NK,NK,NK,MBS,GSA10,,NGI,,,,,,1,N,21113,,,
1301:705:1,2017,1,VL1824,DTS,OTB,NK,NK,NK,NK,MBS,GSA10,,NGI,,,,,,1,N,28003,,,
1301:705:1,2017,3,VL1824,HOK,LLS,NK,NK,NK,NK,MBS,GSA10,,NGI,,,,,,1,N,31721,,,
1301:705:1,2019,2,VL1824,DTS,OTB,NK,NK,NK,NK,MBS,GSA10,,NGI,,,,,,1,N,43967,,,
1301:705:1,2019,4,VL40XX,PS,PS,NK,NK,NK,NK,MBS,GSA10,,NGI,,,,,,1,N,48503,,,
1301:705:1,2021,3,VL1824,DTS,OTB,NK,NK,NK,NK,MBS,GSA10,,NGI,,,,,,1,N,57984,,,
1301:705:2,2013,1,VL1218,DTS,OTB,NK,NK,NK,NK,MBS,GSA10,,NGI,,,,,,2,N,18,,,
1301:705:2,2013,1,VL1824,DTS,OTB,NK,NK,NK,NK,MBS,GSA10,,NGI,,,,,,1,N,415,,,
1301:705:2,2013,2,VL1824,DTS,OTB,NK,NK,NK,NK,MBS,GSA10,,NGI,,,,,,1,N,1878,,,
1301:705:2,2013,3,VL1824,DTS,OTB,NK,NK,NK,NK,MBS,GSA10,,NGI,,,,,,1,N,3784,,,
1301:705:2,2013,4,VL1218,DTS,OTB,NK,NK,NK,NK,MBS,GSA10,,NGI,,,,,,1,N,5138,,,
1301:705:2,2014,3,VL1218,DTS,OTB,NK,NK,NK,NK,MBS,GSA10,,NGI,,,,,,1,N,9815,,,
1301:705:2,2016,3,VL1218,DTS,OTB,NK,NK,NK,NK,MBS,GSA10,,NGI,,,,,,2,N,23671,,,
1301:705:2,2017,3,VL1218,DTS,OTB,NK,NK,NK,NK,MBS,GSA10,,NGI,,,,,,1,N,30771,,,
1301:705:2,2017,3,VL1824,DTS,OTB,NK,NK,NK,NK,MBS,GSA10,,NGI,,,,,,1,N,31452,,,
1301:705:2,2017,3,VL1824,HOK,LLS,NK,NK,NK,NK,MBS,GSA10,,NGI,,,,,,1,N,31722,,,
1301:705:2,2018,2,VL1218,DTS,OTB,NK,NK,NK,NK,MBS,GSA10,,NGI,,,,,,1,N,35965,,,
1301:705:2,2019,4,VL1218,DTS,OTB,NK,NK,NK,NK,MBS,GSA10,,NGI,,,,,,1,N,47003,,,
1301:705:2,2020,3,VL1824,DTS,OTB,NK,NK,NK,NK,MBS,GSA10,,NGI,,,,,,1,N,52567,,,
1301:705:2,2020,4,VL1824,DTS,OTB,NK,NK,NK,NK,MBS,GSA10,,NGI,,,,,,1,N,54425,,,
1301:705:2,2021,1,VL1824,DTS,OTB,NK,NK,NK,NK,MBS,GSA10,,NGI,,,,,,1,N,55769,,,
1301:705:2,2021,3,VL1824,DTS,OTB,NK,NK,NK,NK,MBS,GSA10,,NGI,,,,,,1,N,57985,,,
1301:706:2,2013,1,VL1824,DTS,OTB,NK,NK,NK,NK,MBS,GSA19,,NGI,,,,,,3,N,591,,,
1301:706:2,2013,2,VL1824,DTS,OTB,NK,NK,NK,NK,MBS,GSA19,,NGI,,,,,,3,N,2069,,,
1301:706:2,2013,3,VL1218,DTS,OTB,NK,NK,NK,NK,MBS,GSA19,,NGI,,,,,,2,N,3301,,,
1301:706:2,2013,3,VL1824,DTS,OTB,NK,NK,NK,NK,MBS,GSA19,,NGI,,,,,,1,N,3975,,,
1301:706:2,2013,4,VL1824,DTS,OTB,NK,NK,NK,NK,MBS,GSA19,,NGI,,,,,,2,N,5768,,,
1301:706:2,2014,1,VL1824,DTS,OTB,NK,NK,NK,NK,MBS,GSA19,,NGI,,,,,,1,N,7235,,,
1301:706:2,2014,2,VL1824,DTS,OTB,NK,NK,NK,NK,MBS,GSA19,,NGI,,,,,,2,N,8727,,,
1301:706:2,2014,3,VL1824,DTS,OTB,NK,NK,NK,NK,MBS,GSA19,,NGI,,,,,,3,N,10608,,,
1301:706:2,2014,4,VL1824,DTS,OTB,NK,NK,NK,NK,MBS,GSA19,,NGI,,,,,,1,N,12414,,,
1301:706:2,2015,1,VL1824,DTS,OTB,NK,NK,NK,NK,MBS,GSA19,,NGI,,,,,,1,N,13888,,,
1301:706:2,2015,2,VL1218,DTS,OTB,NK,NK,NK,NK,MBS,GSA19,,NGI,,,,,,1,N,14769,,,
1301:706:2,2015,2,VL1824,DTS,OTB,NK,NK,NK,NK,MBS,GSA19,,NGI,,,,,,1,N,15382,,,
1301:706:2,2015,3,VL1218,DTS,OTB,NK,NK,NK,NK,MBS,GSA19,,NGI,,,,,,1,N,16598,,,
1301:706:2,2015,3,VL1824,DTS,OTB,NK,NK,NK,NK,MBS,GSA19,,NGI,,,,,,1,N,17258,,,
1301:706:2,2016,1,VL1218,DTS,OTB,NK,NK,NK,NK,MBS,GSA19,,NGI,,,,,,1,N,20254,,,
1301:706:2,2016,1,VL1824,DTS,OTB,NK,NK,NK,NK,MBS,GSA19,,NGI,,,,,,1,N,20779,,,
1301:706:2,2016,2,VL1824,DTS,OTB,NK,NK,NK,NK,MBS,GSA19,,NGI,,,,,,2,N,22460,,,
1301:706:2,2016,3,VL1824,DTS,OTB,NK,NK,NK,NK,MBS,GSA19,,NGI,,,,,,2,N,24591,,,
1301:706:2,2016,4,VL1824,DTS,OTB,NK,NK,NK,NK,MBS,GSA19,,NGI,,,,,,1,N,26634,,,
1301:706:2,2017,2,VL1824,DTS,OTB,NK,NK,NK,NK,MBS,GSA19,,NGI,,,,,,1,N,29768,,,
1301:706:2,2017,3,VL1824,DTS,OTB,NK,NK,NK,NK,MBS,GSA19,,NGI,,,,,,1,N,31647,,,
1301:706:2,2017,3,VL40XX,HOK,LLS,NK,NK,NK,NK,MBS,GSA19,,NGI,,,,,,1,N,32716,,,
1301:706:2,2017,4,VL1218,DTS,OTB,NK,NK,NK,NK,MBS,GSA19,,NGI,,,,,,1,N,32951,,,
1301:706:2,2017,4,VL1824,DTS,OTB,NK,NK,NK,NK,MBS,GSA19,,NGI,,,,,,3,N,33579,,,
1301:706:2,2018,1,VL1218,DTS,OTB,NK,NK,NK,NK,MBS,GSA19,,NGI,,,,,,3,N,34755,,,
1301:706:2,2018,2,VL1824,HOK,LLS,NK,NK,NK,NK,MBS,GSA19,,NGI,,,,,,1,N,37121,,,
1301:706:2,2018,3,VL1218,DTS,OTB,NK,NK,NK,NK,MBS,GSA19,,NGI,,,,,,1,N,38149,,,
1301:706:2,2018,3,VL1824,DTS,OTB,NK,NK,NK,NK,MBS,GSA19,,NGI,,,,,,1,N,38962,,,
1301:706:2,2018,4,VL1824,DTS,OTB,NK,NK,NK,NK,MBS,GSA19,,NGI,,,,,,3,N,41076,,,
1301:706:2,2019,1,VL1824,DTS,OTB,NK,NK,NK,NK,MBS,GSA19,,NGI,,,,,,1,N,42702,,,
1301:706:2,2019,2,VL1218,DTS,OTB,NK,NK,NK,NK,MBS,GSA19,,NGI,,,,,,1,N,43502,,,
1301:706:2,2019,3,VL1824,DTS,OTB,NK,NK,NK,NK,MBS,GSA19,,NGI,,,,,,1,N,46008,,,
1301:706:2,2021,1,VL1218,DTS,OTB,NK,NK,NK,NK,MBS,GSA19,,NGI,,,,,,1,N,55631,,,
1301:706:2,2021,1,VL1824,DTS,OTB,NK,NK,NK,NK,MBS,GSA19,,NGI,,,,,,2,N,55954,,,
1301:706:2,2021,2,VL1824,DTS,OTB,NK,NK,NK,NK,MBS,GSA19,,NGI,,,,,,3,N,56981,,,
1301:706:2,2022,1,VL2440,DTS,OTB,NK,NK,NK,NK,MBS,GSA19,,NGI,,,,,,1,N,60591,,,
1301:707:2,2017,2,VL1218,DTS,OTB,NK,NK,NK,NK,MBS,GSA19,,NGI,,,,,,3,N,29115,,,
1301:707:2,2018,1,VL1824,DTS,OTB,NK,NK,NK,NK,MBS,GSA19,,NGI,,,,,,1,N,35225,,,
1301:707:2,2020,3,VL1824,DTS,OTB,NK,NK,NK,NK,MBS,GSA19,,NGI,,,,,,1,N,52769,,,
1301:707:2,2021,3,VL1824,DTS,OTB,NK,NK,NK,NK,MBS,GSA19,,NGI,,,,,,1,N,58186,,,
1301:707:2,2022,1,VL1824,DTS,OTB,NK,NK,NK,NK,MBS,GSA19,,NGI,,,,,,1,N,60262,,,
1301:708:2,2013,1,VL1218,DTS,OTB,NK,NK,NK,NK,MBS,GSA19,,NGI,,,,,,1,N,145,,,
1301:708:2,2013,1,VL1824,DTS,OTB,NK,NK,NK,NK,MBS,GSA19,,NGI,,,,,,3,N,592,,,
1301:708:2,2013,2,VL1218,DTS,OTB,NK,NK,NK,NK,MBS,GSA19,,NGI,,,,,,1,N,1470,,,
1301:708:2,2013,2,VL1824,DTS,OTB,NK,NK,NK,NK,MBS,GSA18,,NGI,,,,,,2,N,2025,,,
1301:708:2,2013,2,VL1824,DTS,OTB,NK,NK,NK,NK,MBS,GSA19,,NGI,,,,,,2,N,2070,,,
1301:708:2,2013,3,VL1218,DTS,OTB,NK,NK,NK,NK,MBS,GSA18,,NGI,,,,,,2,N,3257,,,
1301:708:2,2013,3,VL1218,DTS,OTB,NK,NK,NK,NK,MBS,GSA19,,NGI,,,,,,1,N,3302,,,
1301:708:2,2013,3,VL1824,DTS,OTB,NK,NK,NK,NK,MBS,GSA18,,NGI,,,,,,1,N,3933,,,
1301:708:2,2013,3,VL1824,DTS,OTB,NK,NK,NK,NK,MBS,GSA19,,NGI,,,,,,1,N,3976,,,
1301:708:2,2013,4,VL1824,DTS,OTB,NK,NK,NK,NK,MBS,GSA18,,NGI,,,,,,1,N,5728,,,
1301:708:2,2014,1,VL1218,DTS,OTB,NK,NK,NK,NK,MBS,GSA19,,NGI,,,,,,1,N,6787,,,
1301:708:2,2014,1,VL1824,DTS,OTB,NK,NK,NK,NK,MBS,GSA19,,NGI,,,,,,1,N,7236,,,
1301:708:2,2014,3,VL1824,DTS,OTB,NK,NK,NK,NK,MBS,GSA19,,NGI,,,,,,2,N,10609,,,
1301:708:2,2014,4,VL1218,DTS,OTB,NK,NK,NK,NK,MBS,GSA19,,NGI,,,,,,1,N,11911,,,
1301:708:2,2014,4,VL1824,DTS,OTB,NK,NK,NK,NK,MBS,GSA18,,NGI,,,,,,1,N,12375,,,
1301:708:2,2014,4,VL1824,DTS,OTB,NK,NK,NK,NK,MBS,GSA19,,NGI,,,,,,2,N,12415,,,
1301:708:2,2015,1,VL1218,DTS,OTB,NK,NK,NK,NK,MBS,GSA19,,NGI,,,,,,1,N,13432,,,
1301:708:2,2015,1,VL1824,DTS,OTB,NK,NK,NK,NK,MBS,GSA19,,NGI,,,,,,2,N,13889,,,
1301:708:2,2015,2,VL1218,DTS,OTB,NK,NK,NK,NK,MBS,GSA19,,NGI,,,,,,2,N,14770,,,
1301:708:2,2015,2,VL1824,DTS,OTB,NK,NK,NK,NK,MBS,GSA18,,NGI,,,,,,3,N,15340,,,
1301:708:2,2015,2,VL1824,DTS,OTB,NK,NK,NK,NK,MBS,GSA19,,NGI,,,,,,1,N,15383,,,
1301:708:2,2015,3,VL1218,DTS,OTB,NK,NK,NK,NK,MBS,GSA19,,NGI,,,,,,3,N,16599,,,
1301:708:2,2015,3,VL1824,DTS,OTB,NK,NK,NK,NK,MBS,GSA18,,NGI,,,,,,2,N,17214,,,
1301:708:2,2015,3,VL1824,DTS,OTB,NK,NK,NK,NK,MBS,GSA19,,NGI,,,,,,1,N,17259,,,
1301:708:2,2015,4,VL1218,DTS,OTB,NK,NK,NK,NK,MBS,GSA19,,NGI,,,,,,1,N,18529,,,
1301:708:2,2015,4,VL1824,DTS,OTB,NK,NK,NK,NK,MBS,GSA19,,NGI,,,,,,2,N,19088,,,
1301:708:2,2016,1,VL1218,DTS,OTB,NK,NK,NK,NK,MBS,GSA19,,NGI,,,,,,1,N,20255,,,
1301:708:2,2016,1,VL1824,DTS,OTB,NK,NK,NK,NK,MBS,GSA18,,NGI,,,,,,2,N,20740,,,
1301:708:2,2016,2,VL1824,DTS,OTB,NK,NK,NK,NK,MBS,GSA18,,NGI,,,,,,2,N,22413,,,
1301:708:2,2016,3,VL1218,DTS,OTB,NK,NK,NK,NK,MBS,GSA19,,NGI,,,,,,1,N,23833,,,
1301:708:2,2016,3,VL1824,DTS,OTB,NK,NK,NK,NK,MBS,GSA19,,NGI,,,,,,1,N,24592,,,
1301:708:2,2016,4,VL1218,DTS,OTB,NK,NK,NK,NK,MBS,GSA19,,NGI,,,,,,1,N,26048,,,
1301:708:2,2016,4,VL1824,DTS,OTB,NK,NK,NK,NK,MBS,GSA18,,NGI,,,,,,1,N,26593,,,
1301:708:2,2016,4,VL1824,DTS,OTB,NK,NK,NK,NK,MBS,GSA19,,NGI,,,,,,1,N,26635,,,
1301:708:2,2017,2,VL1218,DTS,OTB,NK,NK,NK,NK,MBS,GSA18,,NGI,,,,,,1,N,29069,,,
1301:708:2,2017,2,VL1218,DTS,OTB,NK,NK,NK,NK,MBS,GSA19,,NGI,,,,,,1,N,29116,,,
1301:708:2,2017,2,VL1824,DTS,OTB,NK,NK,NK,NK,MBS,GSA18,,NGI,,,,,,3,N,29729,,,
1301:708:2,2017,2,VL1824,DTS,OTB,NK,NK,NK,NK,MBS,GSA19,,NGI,,,,,,2,N,29769,,,
1301:708:2,2017,3,VL1218,DTS,OTB,NK,NK,NK,NK,MBS,GSA18,,NGI,,,,,,3,N,30894,,,
1301:708:2,2017,3,VL1218,DTS,OTB,NK,NK,NK,NK,MBS,GSA19,,NGI,,,,,,2,N,30940,,,
1301:708:2,2017,3,VL1824,DTS,OTB,NK,NK,NK,NK,MBS,GSA18,,NGI,,,,,,2,N,31605,,,
1301:708:2,2017,4,VL1218,DTS,OTB,NK,NK,NK,NK,MBS,GSA18,,NGI,,,,,,1,N,32912,,,
1301:708:2,2017,4,VL1218,DTS,OTB,NK,NK,NK,NK,MBS,GSA19,,NGI,,,,,,3,N,32952,,,
1301:708:2,2017,4,VL1824,DTS,OTB,NK,NK,NK,NK,MBS,GSA19,,NGI,,,,,,3,N,33580,,,
1301:708:2,2018,1,VL1218,DTS,OTB,NK,NK,NK,NK,MBS,GSA19,,NGI,,,,,,3,N,34756,,,
1301:708:2,2018,1,VL1824,DTS,OTB,NK,NK,NK,NK,MBS,GSA18,,NGI,,,,,,1,N,35185,,,
1301:708:2,2018,1,VL2440,DTS,OTB,NK,NK,NK,NK,MBS,GSA19,,NGI,,,,,,1,N,35669,,,
1301:708:2,2018,2,VL1218,DTS,OTB,NK,NK,NK,NK,MBS,GSA18,,NGI,,,,,,1,N,36088,,,
1301:708:2,2018,2,VL1218,DTS,OTB,NK,NK,NK,NK,MBS,GSA19,,NGI,,,,,,1,N,36136,,,
1301:708:2,2018,2,VL1824,DTS,OTB,NK,NK,NK,NK,MBS,GSA18,,NGI,,,,,,1,N,36828,,,
1301:708:2,2018,2,VL2440,DTS,OTB,NK,NK,NK,NK,MBS,GSA19,,NGI,,,,,,1,N,37570,,,
1301:708:2,2018,3,VL1218,DTS,OTB,NK,NK,NK,NK,MBS,GSA18,,NGI,,,,,,3,N,38107,,,
1301:708:2,2018,3,VL1824,DTS,OTB,NK,NK,NK,NK,MBS,GSA19,,NGI,,,,,,1,N,38963,,,
1301:708:2,2018,4,VL1218,DTS,OTB,NK,NK,NK,NK,MBS,GSA19,,NGI,,,,,,1,N,40374,,,
1301:708:2,2018,4,VL2440,DTS,OTB,NK,NK,NK,NK,MBS,GSA19,,NGI,,,,,,1,N,41729,,,
1301:708:2,2019,2,VL1218,DTS,OTB,NK,NK,NK,NK,MBS,GSA19,,NGI,,,,,,1,N,43503,,,
1301:708:2,2019,2,VL1824,DTS,OTB,NK,NK,NK,NK,MBS,GSA18,,NGI,,,,,,1,N,44120,,,
1301:708:2,2019,2,VL1824,DTS,OTB,NK,NK,NK,NK,MBS,GSA19,,NGI,,,,,,2,N,44165,,,
1301:708:2,2019,3,VL1218,DTS,OTB,NK,NK,NK,NK,MBS,GSA18,,NGI,,,,,,2,N,45193,,,
1301:708:2,2019,4,VL1218,DTS,OTB,NK,NK,NK,NK,MBS,GSA19,,NGI,,,,,,2,N,47143,,,
1301:708:2,2019,4,VL1824,DTS,OTB,NK,NK,NK,NK,MBS,GSA19,,NGI,,,,,,2,N,47749,,,
1301:708:2,2020,1,VL1824,DTS,OTB,NK,NK,NK,NK,MBS,GSA18,,NGI,,,,,,1,N,49157,,,
1301:708:2,2020,1,VL1824,DTS,OTB,NK,NK,NK,NK,MBS,GSA19,,NGI,,,,,,2,N,49198,,,
1301:708:2,2020,1,VL2440,DTS,OTB,NK,NK,NK,NK,MBS,GSA19,,NGI,,,,,,1,N,49636,,,
1301:708:2,2020,2,VL1218,DTS,OTB,NK,NK,NK,NK,MBS,GSA19,,NGI,,,,,,1,N,50029,,,
1301:708:2,2020,2,VL1824,DTS,OTB,NK,NK,NK,NK,MBS,GSA19,,NGI,,,,,,1,N,50809,,,
1301:708:2,2020,3,VL1218,DTS,OTB,NK,NK,NK,NK,MBS,GSA18,,NGI,,,,,,1,N,51989,,,
1301:708:2,2020,3,VL1218,DTS,OTB,NK,NK,NK,NK,MBS,GSA19,,NGI,,,,,,1,N,52034,,,
1301:708:2,2020,3,VL1824,DTS,OTB,NK,NK,NK,NK,MBS,GSA18,,NGI,,,,,,1,N,52729,,,
1301:708:2,2020,3,VL1824,DTS,OTB,NK,NK,NK,NK,MBS,GSA19,,NGI,,,,,,1,N,52770,,,
1301:708:2,2020,3,VL2440,DTS,OTB,NK,NK,NK,NK,MBS,GSA19,,NGI,,,,,,1,N,53519,,,
1301:708:2,2020,4,VL1218,DTS,OTB,NK,NK,NK,NK,MBS,GSA19,,NGI,,,,,,1,N,54007,,,
1301:708:2,2020,4,VL1824,DTS,OTB,NK,NK,NK,NK,MBS,GSA18,,NGI,,,,,,1,N,54572,,,
1301:708:2,2020,4,VL1824,DTS,OTB,NK,NK,NK,NK,MBS,GSA19,,NGI,,,,,,1,N,54617,,,
1301:708:2,2021,1,VL1218,DTS,OTB,NK,NK,NK,NK,MBS,GSA19,,NGI,,,,,,2,N,55632,,,
1301:708:2,2021,2,VL1218,DTS,OTB,NK,NK,NK,NK,MBS,GSA19,,NGI,,,,,,2,N,56601,,,
1301:708:2,2021,2,VL1824,DTS,OTB,NK,NK,NK,NK,MBS,GSA18,,NGI,,,,,,1,N,56939,,,
1301:708:2,2021,2,VL1824,DTS,OTB,NK,NK,NK,NK,MBS,GSA19,,NGI,,,,,,2,N,56982,,,
1301:708:2,2021,3,VL1218,DTS,OTB,NK,NK,NK,NK,MBS,GSA19,,NGI,,,,,,3,N,57765,,,
1301:708:2,2021,3,VL1824,DTS,OTB,NK,NK,NK,NK,MBS,GSA18,,NGI,,,,,,4,N,58140,,,
1301:708:2,2021,4,VL1218,DTS,OTB,NK,NK,NK,NK,MBS,GSA19,,NGI,,,,,,1,N,58976,,,
1301:708:2,2021,4,VL1824,DTS,OTB,NK,NK,NK,NK,MBS,GSA18,,NGI,,,,,,1,N,59266,,,
1301:708:2,2021,4,VL2440,DTS,OTB,NK,NK,NK,NK,MBS,GSA19,,NGI,,,,,,1,N,59617,,,
1400:310:3,2013,1,VL1824,DTS,OTB,NK,NK,NK,NK,MBS,GSA11.2,,NGI,,,,,,3,N,450,,,
1400:310:3,2013,2,VL1824,DTS,OTB,NK,NK,NK,NK,MBS,GSA11.2,,NGI,,,,,,6,N,1913,,,
1400:310:3,2013,2,VL2440,DTS,OTB,NK,NK,NK,NK,MBS,GSA11.2,,NGI,,,,,,1,N,2577,,,
1400:310:3,2013,3,VL1218,DTS,OTB,NK,NK,NK,NK,MBS,GSA11.2,,NGI,,,,,,4,N,3182,,,
1400:310:3,2013,3,VL1824,DTS,OTB,NK,NK,NK,NK,MBS,GSA11.2,,NGI,,,,,,6,N,3822,,,
1400:310:3,2013,4,VL1824,DTS,OTB,NK,NK,NK,NK,MBS,GSA11.2,,NGI,,,,,,1,N,5635,,,
1400:310:3,2014,1,VL1824,DTS,OTB,NK,NK,NK,NK,MBS,GSA11.2,,NGI,,,,,,1,N,7090,,,
1400:310:3,2014,2,VL1824,DTS,OTB,NK,NK,NK,NK,MBS,GSA11.2,,NGI,,,,,,2,N,8574,,,
1400:310:3,2014,2,VL2440,DTS,OTB,NK,NK,NK,NK,MBS,GSA11.2,,NGI,,,,,,3,N,9237,,,
1400:310:3,2014,3,VL1824,DTS,OTB,NK,NK,NK,NK,MBS,GSA11.2,,NGI,,,,,,2,N,10452,,,
1400:310:3,2014,3,VL2440,DTS,OTB,NK,NK,NK,NK,MBS,GSA11.2,,NGI,,,,,,2,N,11199,,,
1400:310:3,2015,1,VL1824,DTS,OTB,NK,NK,NK,NK,MBS,GSA11.2,,NGI,,,,,,2,N,13746,,,
1400:310:3,2015,2,VL1824,DTS,OTB,NK,NK,NK,NK,MBS,GSA11.2,,NGI,,,,,,6,N,15226,,,
1400:310:3,2015,3,VL1824,DTS,OTB,NK,NK,NK,NK,MBS,GSA11.2,,NGI,,,,,,2,N,17102,,,
1400:310:3,2015,4,VL1824,DTS,OTB,NK,NK,NK,NK,MBS,GSA11.2,,NGI,,,,,,2,N,18948,,,
1400:310:3,2020,3,VL2440,DTS,OTB,NK,NK,NK,NK,MBS,GSA11.2,,NGI,,,,,,1,N,53367,,,
1400:310:3,2021,1,VL2440,DTS,OTB,NK,NK,NK,NK,MBS,GSA11.2,,NGI,,,,,,2,N,56157,,,
1400:320:1,2013,2,VL1824,DTS,OTB,NK,NK,NK,NK,MBS,GSA11.2,,NGI,,,,,,1,N,1914,,,
1400:320:1,2013,3,VL1824,DTS,OTB,NK,NK,NK,NK,MBS,GSA11.2,,NGI,,,,,,6,N,3823,,,
1400:320:1,2013,3,VL2440,DTS,OTB,NK,NK,NK,NK,MBS,GSA11.2,,NGI,,,,,,1,N,4548,,,
1400:320:1,2014,3,VL1824,DTS,OTB,NK,NK,NK,NK,MBS,GSA11.2,,NGI,,,,,,4,N,10453,,,
1400:320:1,2015,2,VL1824,DTS,OTB,NK,NK,NK,NK,MBS,GSA11.2,,NGI,,,,,,1,N,15227,,,
1400:320:1,2015,3,VL1824,DTS,OTB,NK,NK,NK,NK,MBS,GSA11.2,,NGI,,,,,,5,N,17103,,,
1400:320:1,2017,2,VL1824,DTS,OTB,NK,NK,NK,NK,MBS,GSA11.2,,NGI,,,,,,1,N,29611,,,
1400:320:1,2017,3,VL1824,DTS,OTB,NK,NK,NK,NK,MBS,GSA11.2,,NGI,,,,,,1,N,31495,,,
1400:320:1,2021,1,VL2440,DTS,OTB,NK,NK,NK,NK,MBS,GSA11.2,,NGI,,,,,,1,N,56158,,,
1400:320:3,2014,2,VL2440,DTS,OTB,NK,NK,NK,NK,MBS,GSA9,,NGI,,,,,,1,N,9397,,,
1400:320:3,2019,3,VL1824,DTS,OTB,NK,NK,NK,NK,MBS,GSA9,,NGI,,,,,,1,N,46026,,,
1400:320:3,2020,3,VL2440,DTS,OTB,NK,NK,NK,NK,MBS,GSA9,,NGI,,,,,,1,N,53529,,,
1400:330:1,2013,1,VL1824,DTS,OTB,NK,NK,NK,NK,MBS,GSA9,,NGI,,,,,,2,N,608,,,
1400:330:1,2013,2,VL1824,DTS,OTB,NK,NK,NK,NK,MBS,GSA9,,NGI,,,,,,5,N,2086,,,
1400:330:1,2013,2,VL2440,DTS,OTB,NK,NK,NK,NK,MBS,GSA9,,NGI,,,,,,1,N,2747,,,
1400:330:1,2014,2,VL1218,DTS,OTB,NK,NK,NK,NK,MBS,GSA9,,NGI,,,,,,2,N,8150,,,
1400:330:1,2014,2,VL1824,DTS,OTB,NK,NK,NK,NK,MBS,GSA9,,NGI,,,,,,2,N,8744,,,
1400:330:1,2014,2,VL2440,DTS,OTB,NK,NK,NK,NK,MBS,GSA9,,NGI,,,,,,2,N,9398,,,
1400:330:1,2014,3,VL1218,DTS,OTB,NK,NK,NK,NK,MBS,GSA9,,NGI,,,,,,1,N,9966,,,
1400:330:1,2014,3,VL1824,DTS,OTB,NK,NK,NK,NK,MBS,GSA9,,NGI,,,,,,1,N,10626,,,
1400:330:1,2014,3,VL2440,DTS,OTB,NK,NK,NK,NK,MBS,GSA9,,NGI,,,,,,4,N,11371,,,
1400:330:1,2015,1,VL1218,DTS,OTB,NK,NK,NK,NK,MBS,GSA9,,NGI,,,,,,1,N,13448,,,
1400:330:1,2015,2,VL1824,DTS,OTB,NK,NK,NK,NK,MBS,GSA9,,NGI,,,,,,1,N,15401,,,
1400:330:1,2015,2,VL2440,DTS,OTB,NK,NK,NK,NK,MBS,GSA9,,NGI,,,,,,4,N,16047,,,
1400:330:1,2015,3,VL1218,HOK,LLS,NK,NK,NK,NK,MBS,GSA9,,NGI,,,,,,1,N,16889,,,
1400:330:1,2015,3,VL2440,DTS,OTB,NK,NK,NK,NK,MBS,GSA9,,NGI,,,,,,2,N,18031,,,
1400:330:1,2019,3,VL2440,DTS,OTB,NK,NK,NK,NK,MBS,GSA9,,NGI,,,,,,2,N,46729,,,
1400:330:1,2020,1,VL2440,DTS,OTB,NK,NK,NK,NK,MBS,GSA9,,NGI,,,,,,1,N,49645,,,
1400:330:1,2020,3,VL1218,HOK,LLS,NK,NK,NK,NK,MBS,GSA9,,NGI,,,,,,1,N,52347,,,
1400:330:1,2020,4,VL2440,DTS,OTB,NK,NK,NK,NK,MBS,GSA9,,NGI,,,,,,1,N,55183,,,
1400:330:3,2013,1,VL1824,DTS,OTB,NK,NK,NK,NK,MBS,GSA9,,NGI,,,,,,2,N,609,,,
1400:330:3,2013,2,VL1824,DTS,OTB,NK,NK,NK,NK,MBS,GSA9,,NGI,,,,,,2,N,2087,,,
1400:330:3,2013,2,VL1824,PS,PS,NK,NK,NK,NK,MBS,GSA9,,NGI,,,,,,1,N,2436,,,
1400:330:3,2013,3,VL1824,DTS,OTB,NK,NK,NK,NK,MBS,GSA9,,NGI,,,,,,1,N,3994,,,
1400:330:3,2014,2,VL1824,DTS,OTB,NK,NK,NK,NK,MBS,GSA9,,NGI,,,,,,2,N,8745,,,
1400:330:3,2014,3,VL2440,PS,PS,NK,NK,NK,NK,MBS,GSA9,,NGI,,,,,,1,N,11618,,,
1400:330:3,2016,2,VL1218,PS,PS,NK,NK,NK,NK,MBS,GSA9,,NGI,,,,,,1,N,22170,,,
1400:330:3,2018,2,VL1824,DTS,OTB,NK,NK,NK,NK,MBS,GSA9,,NGI,,,,,,1,N,36895,,,
1400:330:3,2018,3,VL1218,DTS,OTB,NK,NK,NK,NK,MBS,GSA9,,NGI,,,,,,1,N,38167,,,
1400:330:3,2020,3,VL1824,DTS,OTB,NK,NK,NK,NK,MBS,GSA9,,NGI,,,,,,1,N,52788,,,
1400:330:3,2021,4,VL2440,DTS,OTB,NK,NK,NK,NK,MBS,GSA9,,NGI,,,,,,1,N,59626,,,
1400:340:1,2013,1,VL1824,DTS,OTB,NK,NK,NK,NK,MBS,GSA9,,NGI,,,,,,1,N,610,,,
1400:340:1,2013,2,VL1824,DTS,OTB,NK,NK,NK,NK,MBS,GSA9,,NGI,,,,,,3,N,2088,,,
1400:340:1,2013,3,VL1218,PS,PS,NK,NK,NK,NK,MBS,GSA9,,NGI,,,,,,1,N,3694,,,
1400:340:1,2013,3,VL1824,DTS,OTB,NK,NK,NK,NK,MBS,GSA9,,NGI,,,,,,2,N,3995,,,
1400:340:1,2015,2,VL1824,DTS,OTB,NK,NK,NK,NK,MBS,GSA9,,NGI,,,,,,1,N,15402,,,
1400:340:1,2015,2,VL2440,PS,PS,NK,NK,NK,NK,MBS,GSA9,,NGI,,,,,,1,N,16284,,,
1400:340:1,2015,3,VL1824,DTS,OTB,NK,NK,NK,NK,MBS,GSA9,,NGI,,,,,,1,N,17276,,,
1400:340:1,2015,3,VL2440,PS,PS,NK,NK,NK,NK,MBS,GSA9,,NGI,,,,,,1,N,18227,,,
1400:340:1,2019,2,VL1824,DTS,OTB,NK,NK,NK,NK,MBS,GSA9,,NGI,,,,,,1,N,44181,,,
1400:340:3,2013,1,VL1218,DTS,OTB,NK,NK,NK,NK,MBS,GSA9,,NGI,,,,,,2,N,161,,,
1400:340:3,2013,1,VL1824,DTS,OTB,NK,NK,NK,NK,MBS,GSA9,,NGI,,,,,,10,N,611,,,
1400:340:3,2013,1,VL1824,TBB,TBB,NK,NK,NK,NK,MBS,GSA9,,NGI,,,,,,1,N,826,,,
1400:340:3,2013,2,VL1218,DTS,OTB,NK,NK,NK,NK,MBS,GSA9,,NGI,,,,,,3,N,1487,,,
1400:340:3,2013,2,VL1824,TBB,TBB,NK,NK,NK,NK,MBS,GSA9,,NGI,,,,,,2,N,2477,,,
1400:340:3,2013,3,VL1218,DTS,OTB,NK,NK,NK,NK,MBS,GSA9,,NGI,,,,,,5,N,3319,,,
1400:340:3,2013,3,VL1824,DTS,OTB,NK,NK,NK,NK,MBS,GSA9,,NGI,,,,,,1,N,3996,,,
1400:340:3,2013,4,VL1218,DTS,OTB,NK,NK,NK,NK,MBS,GSA9,,NGI,,,,,,3,N,5280,,,
1400:340:3,2013,4,VL1824,DTS,OTB,NK,NK,NK,NK,MBS,GSA9,,NGI,,,,,,1,N,5784,,,
1400:340:3,2013,4,VL1824,TBB,TBB,NK,NK,NK,NK,MBS,GSA9,,NGI,,,,,,2,N,6085,,,
1400:340:3,2014,1,VL1218,DTS,OTB,NK,NK,NK,NK,MBS,GSA9,,NGI,,,,,,4,N,6803,,,
1400:340:3,2014,1,VL1824,DTS,OTB,NK,NK,NK,NK,MBS,GSA9,,NGI,,,,,,2,N,7252,,,
1400:340:3,2014,2,VL1824,DTS,OTB,NK,NK,NK,NK,MBS,GSA9,,NGI,,,,,,1,N,8746,,,
1400:340:3,2014,3,VL1218,DTS,OTB,NK,NK,NK,NK,MBS,GSA9,,NGI,,,,,,6,N,9967,,,
1400:340:3,2014,3,VL1824,DTS,OTB,NK,NK,NK,NK,MBS,GSA9,,NGI,,,,,,2,N,10627,,,
1400:340:3,2014,3,VL2440,PS,PS,NK,NK,NK,NK,MBS,GSA9,,NGI,,,,,,2,N,11619,,,
1400:340:3,2014,4,VL1218,DTS,OTB,NK,NK,NK,NK,MBS,GSA9,,NGI,,,,,,3,N,11927,,,
1400:340:3,2014,4,VL1824,DTS,OTB,NK,NK,NK,NK,MBS,GSA9,,NGI,,,,,,6,N,12432,,,
1400:340:3,2015,1,VL1218,DTS,OTB,NK,NK,NK,NK,MBS,GSA9,,NGI,,,,,,2,N,13449,,,
1400:340:3,2015,1,VL1824,DTS,OTB,NK,NK,NK,NK,MBS,GSA9,,NGI,,,,,,10,N,13904,,,
1400:340:3,2015,2,VL1218,DTS,OTB,NK,NK,NK,NK,MBS,GSA9,,NGI,,,,,,2,N,14786,,,
1400:340:3,2015,2,VL1824,DTS,OTB,NK,NK,NK,NK,MBS,GSA9,,NGI,,,,,,1,N,15403,,,
1400:340:3,2015,2,VL1824,TBB,TBB,NK,NK,NK,NK,MBS,GSA9,,NGI,,,,,,2,N,15784,,,
1400:340:3,2015,3,VL1218,DTS,OTB,NK,NK,NK,NK,MBS,GSA9,,NGI,,,,,,2,N,16615,,,
1400:340:3,2015,3,VL1824,DTS,OTB,NK,NK,NK,NK,MBS,GSA9,,NGI,,,,,,4,N,17277,,,
1400:340:3,2015,3,VL1824,TBB,TBB,NK,NK,NK,NK,MBS,GSA9,,NGI,,,,,,1,N,17741,,,
1400:340:3,2015,4,VL1218,DTS,OTB,NK,NK,NK,NK,MBS,GSA9,,NGI,,,,,,1,N,18544,,,
1400:340:3,2015,4,VL1824,DTS,OTB,NK,NK,NK,NK,MBS,GSA9,,NGI,,,,,,6,N,19104,,,
1400:340:3,2018,1,VL1218,DTS,OTB,NK,NK,NK,NK,MBS,GSA9,,NGI,,,,,,2,N,34771,,,
1400:340:3,2018,1,VL1824,DTS,OTB,NK,NK,NK,NK,MBS,GSA9,,NGI,,,,,,3,N,35242,,,
1400:340:3,2018,4,VL1824,DTS,OTB,NK,NK,NK,NK,MBS,GSA9,,NGI,,,,,,1,N,41092,,,
1400:340:3,2018,4,VL2440,DTS,OTB,NK,NK,NK,NK,MBS,GSA9,,NGI,,,,,,1,N,41736,,,
1400:340:3,2019,4,VL1218,DTS,OTB,NK,NK,NK,NK,MBS,GSA9,,NGI,,,,,,1,N,47158,,,
1400:340:3,2019,4,VL1824,DTS,OTB,NK,NK,NK,NK,MBS,GSA9,,NGI,,,,,,2,N,47767,,,
1400:340:3,2020,1,VL1824,DTS,OTB,NK,NK,NK,NK,MBS,GSA9,,NGI,,,,,,3,N,49215,,,
1400:340:3,2020,3,VL1824,DTS,OTB,NK,NK,NK,NK,MBS,GSA9,,NGI,,,,,,2,N,52789,,,
1400:340:3,2021,1,VL1218,DTS,OTB,NK,NK,NK,NK,MBS,GSA9,,NGI,,,,,,1,N,55649,,,
1400:340:3,2021,1,VL1824,DTS,OTB,NK,NK,NK,NK,MBS,GSA9,,NGI,,,,,,2,N,55971,,,
1400:340:3,2021,3,VL1218,DTS,OTB,NK,NK,NK,NK,MBS,GSA9,,NGI,,,,,,1,N,57780,,,
1400:340:3,2021,3,VL1824,DTS,OTB,NK,NK,NK,NK,MBS,GSA9,,NGI,,,,,,2,N,58205,,,
1400:340:3,2021,4,VL1824,DTS,OTB,NK,NK,NK,NK,MBS,GSA9,,NGI,,,,,,3,N,59318,,,
